platform,property
NAVER,price
NAVER,price
NAVER,price
NAVER,price
NAVER,price
NAVER,price
NAVER,price
NAVER,price
NAVER,price
NAVER,price
NAVER,price
NAVER,price
NAVER,price
NAVER,price
NAVER,price
NAVER,price
NAVER,price
NAVER,price
NAVER,price
NAVER,price
NAVER,price
NAVER,price
NAVER,price
NAVER,price
NAVER,price
NAVER,price
NAVER,price
NAVER,price
NAVER,price
NAVER,price
NAVER,price
NAVER,price
NAVER,event
NAVER,event
NAVER,event
NAVER,event
NAVER,event
NAVER,event
NAVER,event
NAVER,event
NAVER,event
NAVER,event
NAVER,event
NAVER,event
NAVER,event
NAVER,event
NAVER,event
NAVER,event
NAVER,genre
NAVER,genre
NAVER,genre
NAVER,genre
NAVER,genre
NAVER,genre
NAVER,genre
NAVER,genre
NAVER,genre
NAVER,genre
NAVER,genre
NAVER,genre
NAVER,genre
NAVER,genre
NAVER,genre
NAVER,genre
NAVER,genre
NAVER,genre
NAVER,genre
NAVER,genre
NAVER,genre
NAVER,UI design
NAVER,UI design
NAVER,UI design
NAVER,UI design
NAVER,UI design
NAVER,UI design
NAVER,UI design
NAVER,UI design
NAVER,UI design
NAVER,UI design
NAVER,UI design
NAVER,UI design
NAVER,UI design
NAVER,like
NAVER,like
NAVER,like
NAVER,like
NAVER,like
NAVER,like
NAVER,like
NAVER,like
NAVER,like
NAVER,like
NAVER,like
NAVER,like
NAVER,like
NAVER,like
NAVER,like
NAVER,like
NAVER,like
NAVER,like
NAVER,like
NAVER,like
NAVER,like
NAVER,like
NAVER,like
NAVER,like
NAVER,like
NAVER,like
NAVER,famous
NAVER,famous
NAVER,famous
NAVER,famous
NAVER,famous
NAVER,famous
NAVER,famous
NAVER,famous
NAVER,famous
NAVER,famous
NAVER,famous
NAVER,famous
NAVER,famous
NAVER,famous
NAVER,famous
NAVER,famous
NAVER,famous
NAVER,famous
NAVER,famous
NAVER,famous
NAVER,famous
NAVER,famous
NAVER,famous
NAVER,famous
NAVER,famous
NAVER,famous
NAVER,famous
NAVER,famous
NAVER,famous
NAVER,famous
NAVER,famous
NAVER,famous
NAVER,famous
NAVER,famous
NAVER,famous
NAVER,famous
NAVER,famous
NAVER,famous
NAVER,famous
NAVER,famous
NAVER,famous
NAVER,famous
NAVER,famous
NAVER,famous
NAVER,famous
NAVER,famous
NAVER,famous
NAVER,famous
NAVER,famous
NAVER,famous
NAVER,famous
NAVER,famous
NAVER,famous
NAVER,famous
NAVER,famous
NAVER,famous
NAVER,famous
NAVER,famous
NAVER,belive
NAVER,belive
NAVER,belive
NAVER,belive
NAVER,belive
NAVER,belive
NAVER,belive
NAVER,belive
NAVER,belive
NAVER,belive
NAVER,belive
NAVER,belive
NAVER,belive
NAVER,belive
NAVER,belive
NAVER,belive
NAVER,belive
NAVER,belive
NAVER,belive
NAVER,belive
NAVER,belive
NAVER,belive
NAVER,belive
NAVER,belive
NAVER,belive
NAVER,belive
NAVER,belive
NAVER,belive
NAVER,belive
NAVER,belive
NAVER,belive
NAVER,belive
NAVER,belive
NAVER,belive
NAVER,belive
NAVER,belive
NAVER,belive
NAVER,belive
NAVER,belive
NAVER,belive
NAVER,belive
NAVER,belive
NAVER,belive
NAVER,belive
NAVER,belive
NAVER,belive
NAVER,belive
NAVER,belive
NAVER,belive
NAVER,belive
NAVER,belive
NAVER,etc
NAVER,etc
NAVER,etc
NAVER,etc
NAVER,etc
NAVER,etc
NAVER,etc
NAVER,etc
NAVER,etc
NAVER,etc
NAVER,etc
NAVER,etc
NAVER,etc
NAVER,etc
NAVER,etc
NAVER,etc
NAVER,etc
NAVER,etc
NAVER,etc
NAVER,etc
NAVER,etc
NAVER,etc
NAVER,etc
NAVER,etc
NAVER,etc
Daum,price
Daum,price
Daum,event
Daum,event
Daum,event
Daum,event
Daum,event
Daum,genre
Daum,genre
Daum,genre
Daum,genre
Daum,genre
Daum,genre
Daum,genre
Daum,genre
Daum,genre
Daum,genre
Daum,genre
Daum,genre
Daum,genre
Daum,genre
Daum,genre
Daum,genre
Daum,genre
Daum,genre
Daum,genre
Daum,genre
Daum,genre
Daum,genre
Daum,genre
Daum,genre
Daum,genre
Daum,genre
Daum,genre
Daum,genre
Daum,genre
Daum,genre
Daum,UI design
Daum,UI design
Daum,UI design
Daum,UI design
Daum,UI design
Daum,UI design
Daum,UI design
Daum,UI design
Daum,UI design
Daum,UI design
Daum,UI design
Daum,UI design
Daum,UI design
Daum,UI design
Daum,UI design
Daum,UI design
Daum,UI design
Daum,UI design
Daum,UI design
Daum,UI design
Daum,UI design
Daum,UI design
Daum,UI design
Daum,UI design
Daum,UI design
Daum,UI design
Daum,UI design
Daum,UI design
Daum,UI design
Daum,UI design
Daum,UI design
Daum,UI design
Daum,UI design
Daum,UI design
Daum,UI design
Daum,UI design
Daum,UI design
Daum,UI design
Daum,UI design
Daum,UI design
Daum,UI design
Daum,UI design
Daum,UI design
Daum,UI design
Daum,like
Daum,like
Daum,like
Daum,like
Daum,like
Daum,like
Daum,like
Daum,like
Daum,like
Daum,like
Daum,like
Daum,like
Daum,like
Daum,like
Daum,like
Daum,like
Daum,like
Daum,like
Daum,like
Daum,like
Daum,like
Daum,like
Daum,like
Daum,like
Daum,like
Daum,like
Daum,belive
Daum,belive
Daum,belive
Daum,belive
Kakao,price
Kakao,price
Kakao,price
Kakao,price
Kakao,price
Kakao,price
Kakao,price
Kakao,price
Kakao,price
Kakao,price
Kakao,price
Kakao,price
Kakao,price
Kakao,price
Kakao,price
Kakao,price
Kakao,price
Kakao,price
Kakao,price
Kakao,price
Kakao,price
Kakao,price
Kakao,price
Kakao,price
Kakao,price
Kakao,price
Kakao,price
Kakao,price
Kakao,price
Kakao,price
Kakao,price
Kakao,price
Kakao,event
Kakao,event
Kakao,event
Kakao,event
Kakao,event
Kakao,event
Kakao,event
Kakao,event
Kakao,event
Kakao,event
Kakao,event
Kakao,event
Kakao,event
Kakao,event
Kakao,event
Kakao,event
Kakao,event
Kakao,event
Kakao,event
Kakao,event
Kakao,event
Kakao,event
Kakao,event
Kakao,event
Kakao,event
Kakao,event
Kakao,event
Kakao,event
Kakao,event
Kakao,event
Kakao,event
Kakao,event
Kakao,event
Kakao,event
Kakao,genre
Kakao,genre
Kakao,UI design
Kakao,UI design
Kakao,UI design
Kakao,UI design
Kakao,UI design
Kakao,UI design
Kakao,UI design
Kakao,UI design
Kakao,like
Kakao,like
Kakao,like
Kakao,like
Kakao,like
Kakao,like
Kakao,like
Kakao,like
Kakao,like
Kakao,like
Kakao,like
Kakao,like
Kakao,like
Kakao,famous
Kakao,famous
Kakao,famous
Kakao,famous
Kakao,famous
Kakao,famous
Kakao,famous
Kakao,famous
Kakao,famous
Kakao,belive
Kakao,belive
Kakao,belive
Kakao,belive
Kakao,belive
Kakao,belive
Kakao,belive
Kakao,belive
Kakao,belive
Kakao,etc
Kakao,etc
Kakao,etc
Kakao,etc
Kakao,etc
Kakao,etc
Kakao,etc
Kakao,etc
Kakao,etc
Kakao,etc
Kakao,etc
Kakao,etc
Kakao,etc
Kakao,etc
Kakao,etc
Kakao,etc
Kakao,etc
Kakao,etc
Kakao,etc
Kakao,etc
Kakao,etc
Kakao,etc
Kakao,etc
Kakao,etc
Kakao,etc
Kakao,etc
Kakao,etc
Kakao,etc
Kakao,etc
Kakao,etc
Kakao,etc
Kakao,etc
Kakao,etc
Kakao,etc
Kakao,etc
Kakao,etc
Kakao,etc
Kakao,etc
Kakao,etc
Kakao,etc
Kakao,etc
